Layer,	Type,	tot_word_ifmap_rd_dram,	max_word_ifmap_rd_dram,	tot_access_ifmap_rd_dram,	tot_row_access_ifmap_rd_dram,	act_cycles_ifmap_rd_dram,	shift_cycles_ifmap_rd_dram,	ideal_start_cycle_ifmap_rd_dram,	ideal_end_cycle_ifmap_rd_dram,	real_start_cycle_ifmap_rd_dram,	real_end_cycle_ifmap_rd_dram,	tot_word_filter_rd_dram,	max_word_filter_rd_dram,	tot_access_filter_rd_dram,	tot_row_access_filter_rd_dram,	act_cycles_filter_rd_dram,	shift_cycles_filter_rd_dram,	ideal_start_cycle_filter_rd_dram,	ideal_end_cycle_filter_rd_dram,	real_start_cycle_filter_rd_dram,	real_end_cycle_filter_rd_dram,	tot_word_ofmap_rd_dram,	max_word_ofmap_rd_dram,	tot_access_ofmap_rd_dram,	tot_row_access_ofmap_rd_dram,	act_cycles_ofmap_rd_dram,	shift_cycles_ofmap_rd_dram,	ideal_start_cycle_ofmap_rd_dram,	ideal_end_cycle_ofmap_rd_dram,	real_start_cycle_ofmap_rd_dram,	real_end_cycle_ofmap_rd_dram,	tot_word_ofmap_wr_dram,	max_word_ofmap_wr_dram,	tot_access_ofmap_wr_dram,	tot_row_access_ofmap_wr_dram,	act_cycles_ofmap_wr_dram,	shift_cycles_ofmap_wr_dram,	ideal_start_cycle_ofmap_wr_dram,	ideal_end_cycle_ofmap_wr_dram,	real_start_cycle_ofmap_wr_dram,	real_end_cycle_ofmap_wr_dram,	tot_word_ifmap_rd_sram,	max_word_ifmap_rd_sram,	tot_access_ifmap_rd_sram,	max_access_ifmap_rd_sram,	act_cycles_ifmap_rd_sram,	stall_cycles_ifmap_rd_sram,	ideal_start_cycle_ifmap_rd_sram,	ideal_end_cycle_ifmap_rd_sram,	real_start_cycle_ifmap_rd_sram,	real_end_cycle_ifmap_rd_sram,	tot_word_filter_rd_sram,	max_word_filter_rd_sram,	tot_access_filter_rd_sram,	max_access_filter_rd_sram,	act_cycles_filter_rd_sram,	stall_cycles_filter_rd_sram,	ideal_start_cycle_filter_rd_sram,	ideal_end_cycle_filter_rd_sram,	real_start_cycle_filter_rd_sram,	real_end_cycle_filter_rd_sram,	tot_word_ofmap_rd_sram,	max_word_ofmap_rd_sram,	tot_access_ofmap_rd_sram,	max_access_ofmap_rd_sram,	act_cycles_ofmap_rd_sram,	stall_cycles_ofmap_rd_sram,	ideal_start_cycle_ofmap_rd_sram,	ideal_end_cycle_ofmap_rd_sram,	real_start_cycle_ofmap_rd_sram,	real_end_cycle_ofmap_rd_sram,	tot_word_ofmap_wr_sram,	max_word_ofmap_wr_sram,	tot_access_ofmap_wr_sram,	max_access_ofmap_wr_sram,	act_cycles_ofmap_wr_sram,	stall_cycles_ofmap_wr_sram,	ideal_start_cycle_ofmap_wr_sram,	ideal_end_cycle_ofmap_wr_sram,	real_start_cycle_ofmap_wr_sram,	real_end_cycle_ofmap_wr_sram,	ideal_layer_cycle,	ideal_layer_sec,	real_layer_cycle,	real_layer_sec,	act_cycle_ifmap_rd,	act_cycle_filter_rd,	act_cycle_ofmap_rd,	act_cycle_ofmap_wr,	dynamic_cycle_ireg,	dynamic_cycle_wreg,	dynamic_cycle_mac,	
Conv1_0,	GEMM,	110,	8,	14,	1,	14,	0,	-14.0,	-1.0,	-14.0,	-1.0,	144,	8,	18,	1,	18,	0,	-18.0,	-1.0,	-18.0,	-1.0,	0,	0,	0,	0,	0,	0,	0,	0,	0,	0,	1152,	8,	144,	2,	144,	0,	196.0,	339.0,	196.0,	339.0,	1296,	9,	184,	2,	160,	0,	0.0,	192.0,	0.0,	192.0,	144,	14,	29,	2,	18,	0,	0.0,	192.0,	0.0,	192.0,	0,	0,	0,	0,	0,	0,	0.0,	192.0,	0.0,	192.0,	1152,	14,	396,	5,	158,	0,	19.0,	195.0,	19.0,	195.0,	358.0,	5.021037868162693e-05,	358.0,	5.021037868162693e-05,	160,	18,	0,	158,	160,	18,	160,	
Conv2_0,	GEMM,	1760,	8,	220,	2,	220,	0,	-220.0,	-1.0,	-220.0,	-1.0,	4608,	8,	576,	5,	576,	0,	-576.0,	-1.0,	-576.0,	-1.0,	0,	0,	0,	0,	0,	0,	0,	0,	0,	0,	2304,	8,	288,	3,	288,	0,	3840.0,	4127.0,	3840.0,	4127.0,	31104,	12,	11073,	5,	2988,	0,	0.0,	3838.0,	0.0,	3838.0,	4608,	14,	4608,	13,	432,	288,	0.0,	3838.0,	0.0,	4126.0,	25344,	14,	13860,	8,	2695,	0,	0.0,	3838.0,	0.0,	3838.0,	27648,	14,	15120,	8,	2940,	0,	25.0,	3839.0,	25.0,	3839.0,	4704.0,	0.0006597475455820477,	4992.0,	0.000700140252454418,	2988,	432,	2695,	2940,	2988,	432,	2988,	
Conv1_1,	GEMM,	110,	8,	14,	1,	14,	0,	-14.0,	-1.0,	-14.0,	-1.0,	144,	8,	18,	1,	18,	0,	-18.0,	-1.0,	-18.0,	-1.0,	0,	0,	0,	0,	0,	0,	0,	0,	0,	0,	1152,	8,	144,	2,	144,	0,	196.0,	339.0,	196.0,	339.0,	1296,	9,	184,	2,	160,	0,	0.0,	192.0,	0.0,	192.0,	144,	14,	29,	2,	18,	0,	0.0,	192.0,	0.0,	192.0,	0,	0,	0,	0,	0,	0,	0.0,	192.0,	0.0,	192.0,	1152,	14,	396,	5,	158,	0,	19.0,	195.0,	19.0,	195.0,	358.0,	5.021037868162693e-05,	358.0,	5.021037868162693e-05,	160,	18,	0,	158,	160,	18,	160,	
Conv2_1,	GEMM,	1760,	8,	220,	2,	220,	0,	-220.0,	-1.0,	-220.0,	-1.0,	4608,	8,	576,	5,	576,	0,	-576.0,	-1.0,	-576.0,	-1.0,	0,	0,	0,	0,	0,	0,	0,	0,	0,	0,	2304,	8,	288,	3,	288,	0,	3840.0,	4127.0,	3840.0,	4127.0,	31104,	12,	11073,	5,	2988,	0,	0.0,	3838.0,	0.0,	3838.0,	4608,	14,	4608,	13,	432,	288,	0.0,	3838.0,	0.0,	4126.0,	25344,	14,	13860,	8,	2695,	0,	0.0,	3838.0,	0.0,	3838.0,	27648,	14,	15120,	8,	2940,	0,	25.0,	3839.0,	25.0,	3839.0,	4704.0,	0.0006597475455820477,	4992.0,	0.000700140252454418,	2988,	432,	2695,	2940,	2988,	432,	2988,	
Conv1_2,	GEMM,	110,	8,	14,	1,	14,	0,	-14.0,	-1.0,	-14.0,	-1.0,	144,	8,	18,	1,	18,	0,	-18.0,	-1.0,	-18.0,	-1.0,	0,	0,	0,	0,	0,	0,	0,	0,	0,	0,	1152,	8,	144,	2,	144,	0,	196.0,	339.0,	196.0,	339.0,	1296,	9,	184,	2,	160,	0,	0.0,	192.0,	0.0,	192.0,	144,	14,	29,	2,	18,	0,	0.0,	192.0,	0.0,	192.0,	0,	0,	0,	0,	0,	0,	0.0,	192.0,	0.0,	192.0,	1152,	14,	396,	5,	158,	0,	19.0,	195.0,	19.0,	195.0,	358.0,	5.021037868162693e-05,	358.0,	5.021037868162693e-05,	160,	18,	0,	158,	160,	18,	160,	
Conv2_2,	GEMM,	1760,	8,	220,	2,	220,	0,	-220.0,	-1.0,	-220.0,	-1.0,	4608,	8,	576,	5,	576,	0,	-576.0,	-1.0,	-576.0,	-1.0,	0,	0,	0,	0,	0,	0,	0,	0,	0,	0,	2304,	8,	288,	3,	288,	0,	3840.0,	4127.0,	3840.0,	4127.0,	31104,	12,	11073,	5,	2988,	0,	0.0,	3838.0,	0.0,	3838.0,	4608,	14,	4608,	13,	432,	288,	0.0,	3838.0,	0.0,	4126.0,	25344,	14,	13860,	8,	2695,	0,	0.0,	3838.0,	0.0,	3838.0,	27648,	14,	15120,	8,	2940,	0,	25.0,	3839.0,	25.0,	3839.0,	4704.0,	0.0006597475455820477,	4992.0,	0.000700140252454418,	2988,	432,	2695,	2940,	2988,	432,	2988,	
Conv1_3,	GEMM,	110,	8,	14,	1,	14,	0,	-14.0,	-1.0,	-14.0,	-1.0,	144,	8,	18,	1,	18,	0,	-18.0,	-1.0,	-18.0,	-1.0,	0,	0,	0,	0,	0,	0,	0,	0,	0,	0,	1152,	8,	144,	2,	144,	0,	196.0,	339.0,	196.0,	339.0,	1296,	9,	184,	2,	160,	0,	0.0,	192.0,	0.0,	192.0,	144,	14,	29,	2,	18,	0,	0.0,	192.0,	0.0,	192.0,	0,	0,	0,	0,	0,	0,	0.0,	192.0,	0.0,	192.0,	1152,	14,	396,	5,	158,	0,	19.0,	195.0,	19.0,	195.0,	358.0,	5.021037868162693e-05,	358.0,	5.021037868162693e-05,	160,	18,	0,	158,	160,	18,	160,	
Conv2_3,	GEMM,	1760,	8,	220,	2,	220,	0,	-220.0,	-1.0,	-220.0,	-1.0,	4608,	8,	576,	5,	576,	0,	-576.0,	-1.0,	-576.0,	-1.0,	0,	0,	0,	0,	0,	0,	0,	0,	0,	0,	2304,	8,	288,	3,	288,	0,	3840.0,	4127.0,	3840.0,	4127.0,	31104,	12,	11073,	5,	2988,	0,	0.0,	3838.0,	0.0,	3838.0,	4608,	14,	4608,	13,	432,	288,	0.0,	3838.0,	0.0,	4126.0,	25344,	14,	13860,	8,	2695,	0,	0.0,	3838.0,	0.0,	3838.0,	27648,	14,	15120,	8,	2940,	0,	25.0,	3839.0,	25.0,	3839.0,	4704.0,	0.0006597475455820477,	4992.0,	0.000700140252454418,	2988,	432,	2695,	2940,	2988,	432,	2988,	
Conv1_4,	GEMM,	110,	8,	14,	1,	14,	0,	-14.0,	-1.0,	-14.0,	-1.0,	144,	8,	18,	1,	18,	0,	-18.0,	-1.0,	-18.0,	-1.0,	0,	0,	0,	0,	0,	0,	0,	0,	0,	0,	1152,	8,	144,	2,	144,	0,	196.0,	339.0,	196.0,	339.0,	1296,	9,	184,	2,	160,	0,	0.0,	192.0,	0.0,	192.0,	144,	14,	29,	2,	18,	0,	0.0,	192.0,	0.0,	192.0,	0,	0,	0,	0,	0,	0,	0.0,	192.0,	0.0,	192.0,	1152,	14,	396,	5,	158,	0,	19.0,	195.0,	19.0,	195.0,	358.0,	5.021037868162693e-05,	358.0,	5.021037868162693e-05,	160,	18,	0,	158,	160,	18,	160,	
Conv2_4,	GEMM,	1760,	8,	220,	2,	220,	0,	-220.0,	-1.0,	-220.0,	-1.0,	4608,	8,	576,	5,	576,	0,	-576.0,	-1.0,	-576.0,	-1.0,	0,	0,	0,	0,	0,	0,	0,	0,	0,	0,	2304,	8,	288,	3,	288,	0,	3840.0,	4127.0,	3840.0,	4127.0,	31104,	12,	11073,	5,	2988,	0,	0.0,	3838.0,	0.0,	3838.0,	4608,	14,	4608,	13,	432,	288,	0.0,	3838.0,	0.0,	4126.0,	25344,	14,	13860,	8,	2695,	0,	0.0,	3838.0,	0.0,	3838.0,	27648,	14,	15120,	8,	2940,	0,	25.0,	3839.0,	25.0,	3839.0,	4704.0,	0.0006597475455820477,	4992.0,	0.000700140252454418,	2988,	432,	2695,	2940,	2988,	432,	2988,	
Conv1_5,	GEMM,	110,	8,	14,	1,	14,	0,	-14.0,	-1.0,	-14.0,	-1.0,	144,	8,	18,	1,	18,	0,	-18.0,	-1.0,	-18.0,	-1.0,	0,	0,	0,	0,	0,	0,	0,	0,	0,	0,	1152,	8,	144,	2,	144,	0,	196.0,	339.0,	196.0,	339.0,	1296,	9,	184,	2,	160,	0,	0.0,	192.0,	0.0,	192.0,	144,	14,	29,	2,	18,	0,	0.0,	192.0,	0.0,	192.0,	0,	0,	0,	0,	0,	0,	0.0,	192.0,	0.0,	192.0,	1152,	14,	396,	5,	158,	0,	19.0,	195.0,	19.0,	195.0,	358.0,	5.021037868162693e-05,	358.0,	5.021037868162693e-05,	160,	18,	0,	158,	160,	18,	160,	
Conv2_5,	GEMM,	1760,	8,	220,	2,	220,	0,	-220.0,	-1.0,	-220.0,	-1.0,	4608,	8,	576,	5,	576,	0,	-576.0,	-1.0,	-576.0,	-1.0,	0,	0,	0,	0,	0,	0,	0,	0,	0,	0,	2304,	8,	288,	3,	288,	0,	3840.0,	4127.0,	3840.0,	4127.0,	31104,	12,	11073,	5,	2988,	0,	0.0,	3838.0,	0.0,	3838.0,	4608,	14,	4608,	13,	432,	288,	0.0,	3838.0,	0.0,	4126.0,	25344,	14,	13860,	8,	2695,	0,	0.0,	3838.0,	0.0,	3838.0,	27648,	14,	15120,	8,	2940,	0,	25.0,	3839.0,	25.0,	3839.0,	4704.0,	0.0006597475455820477,	4992.0,	0.000700140252454418,	2988,	432,	2695,	2940,	2988,	432,	2988,	
Conv1_6,	GEMM,	110,	8,	14,	1,	14,	0,	-14.0,	-1.0,	-14.0,	-1.0,	144,	8,	18,	1,	18,	0,	-18.0,	-1.0,	-18.0,	-1.0,	0,	0,	0,	0,	0,	0,	0,	0,	0,	0,	1152,	8,	144,	2,	144,	0,	196.0,	339.0,	196.0,	339.0,	1296,	9,	184,	2,	160,	0,	0.0,	192.0,	0.0,	192.0,	144,	14,	29,	2,	18,	0,	0.0,	192.0,	0.0,	192.0,	0,	0,	0,	0,	0,	0,	0.0,	192.0,	0.0,	192.0,	1152,	14,	396,	5,	158,	0,	19.0,	195.0,	19.0,	195.0,	358.0,	5.021037868162693e-05,	358.0,	5.021037868162693e-05,	160,	18,	0,	158,	160,	18,	160,	
Conv2_6,	GEMM,	1760,	8,	220,	2,	220,	0,	-220.0,	-1.0,	-220.0,	-1.0,	4608,	8,	576,	5,	576,	0,	-576.0,	-1.0,	-576.0,	-1.0,	0,	0,	0,	0,	0,	0,	0,	0,	0,	0,	2304,	8,	288,	3,	288,	0,	3840.0,	4127.0,	3840.0,	4127.0,	31104,	12,	11073,	5,	2988,	0,	0.0,	3838.0,	0.0,	3838.0,	4608,	14,	4608,	13,	432,	288,	0.0,	3838.0,	0.0,	4126.0,	25344,	14,	13860,	8,	2695,	0,	0.0,	3838.0,	0.0,	3838.0,	27648,	14,	15120,	8,	2940,	0,	25.0,	3839.0,	25.0,	3839.0,	4704.0,	0.0006597475455820477,	4992.0,	0.000700140252454418,	2988,	432,	2695,	2940,	2988,	432,	2988,	
Conv1_7,	GEMM,	110,	8,	14,	1,	14,	0,	-14.0,	-1.0,	-14.0,	-1.0,	144,	8,	18,	1,	18,	0,	-18.0,	-1.0,	-18.0,	-1.0,	0,	0,	0,	0,	0,	0,	0,	0,	0,	0,	1152,	8,	144,	2,	144,	0,	196.0,	339.0,	196.0,	339.0,	1296,	9,	184,	2,	160,	0,	0.0,	192.0,	0.0,	192.0,	144,	14,	29,	2,	18,	0,	0.0,	192.0,	0.0,	192.0,	0,	0,	0,	0,	0,	0,	0.0,	192.0,	0.0,	192.0,	1152,	14,	396,	5,	158,	0,	19.0,	195.0,	19.0,	195.0,	358.0,	5.021037868162693e-05,	358.0,	5.021037868162693e-05,	160,	18,	0,	158,	160,	18,	160,	
Conv2_7,	GEMM,	1760,	8,	220,	2,	220,	0,	-220.0,	-1.0,	-220.0,	-1.0,	4608,	8,	576,	5,	576,	0,	-576.0,	-1.0,	-576.0,	-1.0,	0,	0,	0,	0,	0,	0,	0,	0,	0,	0,	2304,	8,	288,	3,	288,	0,	3840.0,	4127.0,	3840.0,	4127.0,	31104,	12,	11073,	5,	2988,	0,	0.0,	3838.0,	0.0,	3838.0,	4608,	14,	4608,	13,	432,	288,	0.0,	3838.0,	0.0,	4126.0,	25344,	14,	13860,	8,	2695,	0,	0.0,	3838.0,	0.0,	3838.0,	27648,	14,	15120,	8,	2940,	0,	25.0,	3839.0,	25.0,	3839.0,	4704.0,	0.0006597475455820477,	4992.0,	0.000700140252454418,	2988,	432,	2695,	2940,	2988,	432,	2988,	
Conv1_8,	GEMM,	110,	8,	14,	1,	14,	0,	-14.0,	-1.0,	-14.0,	-1.0,	144,	8,	18,	1,	18,	0,	-18.0,	-1.0,	-18.0,	-1.0,	0,	0,	0,	0,	0,	0,	0,	0,	0,	0,	1152,	8,	144,	2,	144,	0,	196.0,	339.0,	196.0,	339.0,	1296,	9,	184,	2,	160,	0,	0.0,	192.0,	0.0,	192.0,	144,	14,	29,	2,	18,	0,	0.0,	192.0,	0.0,	192.0,	0,	0,	0,	0,	0,	0,	0.0,	192.0,	0.0,	192.0,	1152,	14,	396,	5,	158,	0,	19.0,	195.0,	19.0,	195.0,	358.0,	5.021037868162693e-05,	358.0,	5.021037868162693e-05,	160,	18,	0,	158,	160,	18,	160,	
Conv2_8,	GEMM,	1760,	8,	220,	2,	220,	0,	-220.0,	-1.0,	-220.0,	-1.0,	4608,	8,	576,	5,	576,	0,	-576.0,	-1.0,	-576.0,	-1.0,	0,	0,	0,	0,	0,	0,	0,	0,	0,	0,	2304,	8,	288,	3,	288,	0,	3840.0,	4127.0,	3840.0,	4127.0,	31104,	12,	11073,	5,	2988,	0,	0.0,	3838.0,	0.0,	3838.0,	4608,	14,	4608,	13,	432,	288,	0.0,	3838.0,	0.0,	4126.0,	25344,	14,	13860,	8,	2695,	0,	0.0,	3838.0,	0.0,	3838.0,	27648,	14,	15120,	8,	2940,	0,	25.0,	3839.0,	25.0,	3839.0,	4704.0,	0.0006597475455820477,	4992.0,	0.000700140252454418,	2988,	432,	2695,	2940,	2988,	432,	2988,	
Conv1_9,	GEMM,	110,	8,	14,	1,	14,	0,	-14.0,	-1.0,	-14.0,	-1.0,	144,	8,	18,	1,	18,	0,	-18.0,	-1.0,	-18.0,	-1.0,	0,	0,	0,	0,	0,	0,	0,	0,	0,	0,	1152,	8,	144,	2,	144,	0,	196.0,	339.0,	196.0,	339.0,	1296,	9,	184,	2,	160,	0,	0.0,	192.0,	0.0,	192.0,	144,	14,	29,	2,	18,	0,	0.0,	192.0,	0.0,	192.0,	0,	0,	0,	0,	0,	0,	0.0,	192.0,	0.0,	192.0,	1152,	14,	396,	5,	158,	0,	19.0,	195.0,	19.0,	195.0,	358.0,	5.021037868162693e-05,	358.0,	5.021037868162693e-05,	160,	18,	0,	158,	160,	18,	160,	
Conv2_9,	GEMM,	1760,	8,	220,	2,	220,	0,	-220.0,	-1.0,	-220.0,	-1.0,	4608,	8,	576,	5,	576,	0,	-576.0,	-1.0,	-576.0,	-1.0,	0,	0,	0,	0,	0,	0,	0,	0,	0,	0,	2304,	8,	288,	3,	288,	0,	3840.0,	4127.0,	3840.0,	4127.0,	31104,	12,	11073,	5,	2988,	0,	0.0,	3838.0,	0.0,	3838.0,	4608,	14,	4608,	13,	432,	288,	0.0,	3838.0,	0.0,	4126.0,	25344,	14,	13860,	8,	2695,	0,	0.0,	3838.0,	0.0,	3838.0,	27648,	14,	15120,	8,	2940,	0,	25.0,	3839.0,	25.0,	3839.0,	4704.0,	0.0006597475455820477,	4992.0,	0.000700140252454418,	2988,	432,	2695,	2940,	2988,	432,	2988,	
FC3_0,	GEMM,	110,	8,	14,	1,	14,	0,	-14.0,	-1.0,	-14.0,	-1.0,	28160,	8,	3520,	29,	3520,	0,	-3520.0,	-1.0,	-3520.0,	-1.0,	0,	0,	0,	0,	0,	0,	0,	0,	0,	0,	256,	8,	32,	1,	32,	0,	6930.0,	6961.0,	6930.0,	6961.0,	2090,	1,	2090,	1,	2090,	0,	0.0,	6928.0,	0.0,	6928.0,	28160,	14,	28160,	13,	2090,	1980,	0.0,	6928.0,	0.0,	8908.0,	2304,	1,	2304,	1,	2304,	0,	0.0,	6928.0,	0.0,	6928.0,	2560,	1,	2560,	1,	2560,	0,	25.0,	6929.0,	25.0,	6929.0,	10482.0,	0.0014701262272089762,	12462.0,	0.0017478260869565217,	2090,	2090,	2304,	2560,	2090,	2090,	2560,	
FC3_1,	GEMM,	110,	8,	14,	1,	14,	0,	-14.0,	-1.0,	-14.0,	-1.0,	28160,	8,	3520,	29,	3520,	0,	-3520.0,	-1.0,	-3520.0,	-1.0,	0,	0,	0,	0,	0,	0,	0,	0,	0,	0,	256,	8,	32,	1,	32,	0,	6930.0,	6961.0,	6930.0,	6961.0,	2090,	1,	2090,	1,	2090,	0,	0.0,	6928.0,	0.0,	6928.0,	28160,	14,	28160,	13,	2090,	1980,	0.0,	6928.0,	0.0,	8908.0,	2304,	1,	2304,	1,	2304,	0,	0.0,	6928.0,	0.0,	6928.0,	2560,	1,	2560,	1,	2560,	0,	25.0,	6929.0,	25.0,	6929.0,	10482.0,	0.0014701262272089762,	12462.0,	0.0017478260869565217,	2090,	2090,	2304,	2560,	2090,	2090,	2560,	
FC3_2,	GEMM,	110,	8,	14,	1,	14,	0,	-14.0,	-1.0,	-14.0,	-1.0,	28160,	8,	3520,	29,	3520,	0,	-3520.0,	-1.0,	-3520.0,	-1.0,	0,	0,	0,	0,	0,	0,	0,	0,	0,	0,	256,	8,	32,	1,	32,	0,	6930.0,	6961.0,	6930.0,	6961.0,	2090,	1,	2090,	1,	2090,	0,	0.0,	6928.0,	0.0,	6928.0,	28160,	14,	28160,	13,	2090,	1980,	0.0,	6928.0,	0.0,	8908.0,	2304,	1,	2304,	1,	2304,	0,	0.0,	6928.0,	0.0,	6928.0,	2560,	1,	2560,	1,	2560,	0,	25.0,	6929.0,	25.0,	6929.0,	10482.0,	0.0014701262272089762,	12462.0,	0.0017478260869565217,	2090,	2090,	2304,	2560,	2090,	2090,	2560,	
FC3_3,	GEMM,	110,	8,	14,	1,	14,	0,	-14.0,	-1.0,	-14.0,	-1.0,	28160,	8,	3520,	29,	3520,	0,	-3520.0,	-1.0,	-3520.0,	-1.0,	0,	0,	0,	0,	0,	0,	0,	0,	0,	0,	256,	8,	32,	1,	32,	0,	6930.0,	6961.0,	6930.0,	6961.0,	2090,	1,	2090,	1,	2090,	0,	0.0,	6928.0,	0.0,	6928.0,	28160,	14,	28160,	13,	2090,	1980,	0.0,	6928.0,	0.0,	8908.0,	2304,	1,	2304,	1,	2304,	0,	0.0,	6928.0,	0.0,	6928.0,	2560,	1,	2560,	1,	2560,	0,	25.0,	6929.0,	25.0,	6929.0,	10482.0,	0.0014701262272089762,	12462.0,	0.0017478260869565217,	2090,	2090,	2304,	2560,	2090,	2090,	2560,	
FC3_4,	GEMM,	110,	8,	14,	1,	14,	0,	-14.0,	-1.0,	-14.0,	-1.0,	28160,	8,	3520,	29,	3520,	0,	-3520.0,	-1.0,	-3520.0,	-1.0,	0,	0,	0,	0,	0,	0,	0,	0,	0,	0,	256,	8,	32,	1,	32,	0,	6930.0,	6961.0,	6930.0,	6961.0,	2090,	1,	2090,	1,	2090,	0,	0.0,	6928.0,	0.0,	6928.0,	28160,	14,	28160,	13,	2090,	1980,	0.0,	6928.0,	0.0,	8908.0,	2304,	1,	2304,	1,	2304,	0,	0.0,	6928.0,	0.0,	6928.0,	2560,	1,	2560,	1,	2560,	0,	25.0,	6929.0,	25.0,	6929.0,	10482.0,	0.0014701262272089762,	12462.0,	0.0017478260869565217,	2090,	2090,	2304,	2560,	2090,	2090,	2560,	
FC3_5,	GEMM,	110,	8,	14,	1,	14,	0,	-14.0,	-1.0,	-14.0,	-1.0,	28160,	8,	3520,	29,	3520,	0,	-3520.0,	-1.0,	-3520.0,	-1.0,	0,	0,	0,	0,	0,	0,	0,	0,	0,	0,	256,	8,	32,	1,	32,	0,	6930.0,	6961.0,	6930.0,	6961.0,	2090,	1,	2090,	1,	2090,	0,	0.0,	6928.0,	0.0,	6928.0,	28160,	14,	28160,	13,	2090,	1980,	0.0,	6928.0,	0.0,	8908.0,	2304,	1,	2304,	1,	2304,	0,	0.0,	6928.0,	0.0,	6928.0,	2560,	1,	2560,	1,	2560,	0,	25.0,	6929.0,	25.0,	6929.0,	10482.0,	0.0014701262272089762,	12462.0,	0.0017478260869565217,	2090,	2090,	2304,	2560,	2090,	2090,	2560,	
FC3_6,	GEMM,	110,	8,	14,	1,	14,	0,	-14.0,	-1.0,	-14.0,	-1.0,	28160,	8,	3520,	29,	3520,	0,	-3520.0,	-1.0,	-3520.0,	-1.0,	0,	0,	0,	0,	0,	0,	0,	0,	0,	0,	256,	8,	32,	1,	32,	0,	6930.0,	6961.0,	6930.0,	6961.0,	2090,	1,	2090,	1,	2090,	0,	0.0,	6928.0,	0.0,	6928.0,	28160,	14,	28160,	13,	2090,	1980,	0.0,	6928.0,	0.0,	8908.0,	2304,	1,	2304,	1,	2304,	0,	0.0,	6928.0,	0.0,	6928.0,	2560,	1,	2560,	1,	2560,	0,	25.0,	6929.0,	25.0,	6929.0,	10482.0,	0.0014701262272089762,	12462.0,	0.0017478260869565217,	2090,	2090,	2304,	2560,	2090,	2090,	2560,	
FC3_7,	GEMM,	110,	8,	14,	1,	14,	0,	-14.0,	-1.0,	-14.0,	-1.0,	28160,	8,	3520,	29,	3520,	0,	-3520.0,	-1.0,	-3520.0,	-1.0,	0,	0,	0,	0,	0,	0,	0,	0,	0,	0,	256,	8,	32,	1,	32,	0,	6930.0,	6961.0,	6930.0,	6961.0,	2090,	1,	2090,	1,	2090,	0,	0.0,	6928.0,	0.0,	6928.0,	28160,	14,	28160,	13,	2090,	1980,	0.0,	6928.0,	0.0,	8908.0,	2304,	1,	2304,	1,	2304,	0,	0.0,	6928.0,	0.0,	6928.0,	2560,	1,	2560,	1,	2560,	0,	25.0,	6929.0,	25.0,	6929.0,	10482.0,	0.0014701262272089762,	12462.0,	0.0017478260869565217,	2090,	2090,	2304,	2560,	2090,	2090,	2560,	
FC3_8,	GEMM,	110,	8,	14,	1,	14,	0,	-14.0,	-1.0,	-14.0,	-1.0,	28160,	8,	3520,	29,	3520,	0,	-3520.0,	-1.0,	-3520.0,	-1.0,	0,	0,	0,	0,	0,	0,	0,	0,	0,	0,	256,	8,	32,	1,	32,	0,	6930.0,	6961.0,	6930.0,	6961.0,	2090,	1,	2090,	1,	2090,	0,	0.0,	6928.0,	0.0,	6928.0,	28160,	14,	28160,	13,	2090,	1980,	0.0,	6928.0,	0.0,	8908.0,	2304,	1,	2304,	1,	2304,	0,	0.0,	6928.0,	0.0,	6928.0,	2560,	1,	2560,	1,	2560,	0,	25.0,	6929.0,	25.0,	6929.0,	10482.0,	0.0014701262272089762,	12462.0,	0.0017478260869565217,	2090,	2090,	2304,	2560,	2090,	2090,	2560,	
FC3_9,	GEMM,	110,	8,	14,	1,	14,	0,	-14.0,	-1.0,	-14.0,	-1.0,	28160,	8,	3520,	29,	3520,	0,	-3520.0,	-1.0,	-3520.0,	-1.0,	0,	0,	0,	0,	0,	0,	0,	0,	0,	0,	256,	8,	32,	1,	32,	0,	6930.0,	6961.0,	6930.0,	6961.0,	2090,	1,	2090,	1,	2090,	0,	0.0,	6928.0,	0.0,	6928.0,	28160,	14,	28160,	13,	2090,	1980,	0.0,	6928.0,	0.0,	8908.0,	2304,	1,	2304,	1,	2304,	0,	0.0,	6928.0,	0.0,	6928.0,	2560,	1,	2560,	1,	2560,	0,	25.0,	6929.0,	25.0,	6929.0,	10482.0,	0.0014701262272089762,	12462.0,	0.0017478260869565217,	2090,	2090,	2304,	2560,	2090,	2090,	2560,	
RNN4_FG_0,	GEMM,	320,	8,	40,	1,	40,	0,	-40.0,	-1.0,	-40.0,	-1.0,	20480,	8,	2560,	21,	2560,	0,	-2560.0,	-1.0,	-2560.0,	-1.0,	0,	0,	0,	0,	0,	0,	0,	0,	0,	0,	64,	8,	8,	1,	8,	0,	5063.0,	5070.0,	5063.0,	5070.0,	1600,	1,	1600,	1,	1600,	0,	0.0,	5061.0,	0.0,	5061.0,	20480,	14,	20480,	14,	1600,	0,	0.0,	5061.0,	0.0,	5061.0,	1664,	1,	1664,	1,	1664,	0,	0.0,	5061.0,	0.0,	5061.0,	1728,	1,	1728,	1,	1728,	0,	25.0,	5062.0,	25.0,	5062.0,	7631.0,	0.0010702664796633941,	7631.0,	0.0010702664796633941,	1600,	1600,	1664,	1728,	1600,	1600,	1728,	
RNN4_NG_0,	GEMM,	320,	8,	40,	1,	40,	0,	-40.0,	-1.0,	-40.0,	-1.0,	20480,	8,	2560,	21,	2560,	0,	-2560.0,	-1.0,	-2560.0,	-1.0,	0,	0,	0,	0,	0,	0,	0,	0,	0,	0,	64,	8,	8,	1,	8,	0,	5063.0,	5070.0,	5063.0,	5070.0,	1600,	1,	1600,	1,	1600,	0,	0.0,	5061.0,	0.0,	5061.0,	20480,	14,	20480,	14,	1600,	0,	0.0,	5061.0,	0.0,	5061.0,	1664,	1,	1664,	1,	1664,	0,	0.0,	5061.0,	0.0,	5061.0,	1728,	1,	1728,	1,	1728,	0,	25.0,	5062.0,	25.0,	5062.0,	7631.0,	0.0010702664796633941,	7631.0,	0.0010702664796633941,	1600,	1600,	1664,	1728,	1600,	1600,	1728,	
RNN4_ptwise1_0,	GEMM,	64,	8,	8,	1,	8,	0,	-8.0,	-1.0,	-8.0,	-1.0,	64,	8,	8,	1,	8,	0,	-8.0,	-1.0,	-8.0,	-1.0,	0,	0,	0,	0,	0,	0,	0,	0,	0,	0,	1,	1,	1,	1,	1,	0,	140.0,	140.0,	140.0,	140.0,	64,	1,	64,	1,	64,	0,	0.0,	138.0,	0.0,	138.0,	64,	1,	64,	1,	64,	0,	0.0,	138.0,	0.0,	138.0,	5,	1,	5,	1,	5,	0,	0.0,	138.0,	0.0,	138.0,	6,	1,	6,	1,	6,	0,	25.0,	139.0,	25.0,	139.0,	149.0,	2.0897615708274895e-05,	149.0,	2.0897615708274895e-05,	64,	64,	5,	6,	64,	64,	64,	
RNN4_ptwise2_0,	GEMM,	64,	8,	8,	1,	8,	0,	-8.0,	-1.0,	-8.0,	-1.0,	64,	8,	8,	1,	8,	0,	-8.0,	-1.0,	-8.0,	-1.0,	0,	0,	0,	0,	0,	0,	0,	0,	0,	0,	1,	1,	1,	1,	1,	0,	140.0,	140.0,	140.0,	140.0,	64,	1,	64,	1,	64,	0,	0.0,	138.0,	0.0,	138.0,	64,	1,	64,	1,	64,	0,	0.0,	138.0,	0.0,	138.0,	5,	1,	5,	1,	5,	0,	0.0,	138.0,	0.0,	138.0,	6,	1,	6,	1,	6,	0,	25.0,	139.0,	25.0,	139.0,	149.0,	2.0897615708274895e-05,	149.0,	2.0897615708274895e-05,	64,	64,	5,	6,	64,	64,	64,	
RNN4_FG_1,	GEMM,	320,	8,	40,	1,	40,	0,	-40.0,	-1.0,	-40.0,	-1.0,	20480,	8,	2560,	21,	2560,	0,	-2560.0,	-1.0,	-2560.0,	-1.0,	0,	0,	0,	0,	0,	0,	0,	0,	0,	0,	64,	8,	8,	1,	8,	0,	5063.0,	5070.0,	5063.0,	5070.0,	1600,	1,	1600,	1,	1600,	0,	0.0,	5061.0,	0.0,	5061.0,	20480,	14,	20480,	14,	1600,	0,	0.0,	5061.0,	0.0,	5061.0,	1664,	1,	1664,	1,	1664,	0,	0.0,	5061.0,	0.0,	5061.0,	1728,	1,	1728,	1,	1728,	0,	25.0,	5062.0,	25.0,	5062.0,	7631.0,	0.0010702664796633941,	7631.0,	0.0010702664796633941,	1600,	1600,	1664,	1728,	1600,	1600,	1728,	
RNN4_NG_1,	GEMM,	320,	8,	40,	1,	40,	0,	-40.0,	-1.0,	-40.0,	-1.0,	20480,	8,	2560,	21,	2560,	0,	-2560.0,	-1.0,	-2560.0,	-1.0,	0,	0,	0,	0,	0,	0,	0,	0,	0,	0,	64,	8,	8,	1,	8,	0,	5063.0,	5070.0,	5063.0,	5070.0,	1600,	1,	1600,	1,	1600,	0,	0.0,	5061.0,	0.0,	5061.0,	20480,	14,	20480,	14,	1600,	0,	0.0,	5061.0,	0.0,	5061.0,	1664,	1,	1664,	1,	1664,	0,	0.0,	5061.0,	0.0,	5061.0,	1728,	1,	1728,	1,	1728,	0,	25.0,	5062.0,	25.0,	5062.0,	7631.0,	0.0010702664796633941,	7631.0,	0.0010702664796633941,	1600,	1600,	1664,	1728,	1600,	1600,	1728,	
RNN4_ptwise1_1,	GEMM,	64,	8,	8,	1,	8,	0,	-8.0,	-1.0,	-8.0,	-1.0,	64,	8,	8,	1,	8,	0,	-8.0,	-1.0,	-8.0,	-1.0,	0,	0,	0,	0,	0,	0,	0,	0,	0,	0,	1,	1,	1,	1,	1,	0,	140.0,	140.0,	140.0,	140.0,	64,	1,	64,	1,	64,	0,	0.0,	138.0,	0.0,	138.0,	64,	1,	64,	1,	64,	0,	0.0,	138.0,	0.0,	138.0,	5,	1,	5,	1,	5,	0,	0.0,	138.0,	0.0,	138.0,	6,	1,	6,	1,	6,	0,	25.0,	139.0,	25.0,	139.0,	149.0,	2.0897615708274895e-05,	149.0,	2.0897615708274895e-05,	64,	64,	5,	6,	64,	64,	64,	
RNN4_ptwise2_1,	GEMM,	64,	8,	8,	1,	8,	0,	-8.0,	-1.0,	-8.0,	-1.0,	64,	8,	8,	1,	8,	0,	-8.0,	-1.0,	-8.0,	-1.0,	0,	0,	0,	0,	0,	0,	0,	0,	0,	0,	1,	1,	1,	1,	1,	0,	140.0,	140.0,	140.0,	140.0,	64,	1,	64,	1,	64,	0,	0.0,	138.0,	0.0,	138.0,	64,	1,	64,	1,	64,	0,	0.0,	138.0,	0.0,	138.0,	5,	1,	5,	1,	5,	0,	0.0,	138.0,	0.0,	138.0,	6,	1,	6,	1,	6,	0,	25.0,	139.0,	25.0,	139.0,	149.0,	2.0897615708274895e-05,	149.0,	2.0897615708274895e-05,	64,	64,	5,	6,	64,	64,	64,	
RNN4_FG_2,	GEMM,	320,	8,	40,	1,	40,	0,	-40.0,	-1.0,	-40.0,	-1.0,	20480,	8,	2560,	21,	2560,	0,	-2560.0,	-1.0,	-2560.0,	-1.0,	0,	0,	0,	0,	0,	0,	0,	0,	0,	0,	64,	8,	8,	1,	8,	0,	5063.0,	5070.0,	5063.0,	5070.0,	1600,	1,	1600,	1,	1600,	0,	0.0,	5061.0,	0.0,	5061.0,	20480,	14,	20480,	14,	1600,	0,	0.0,	5061.0,	0.0,	5061.0,	1664,	1,	1664,	1,	1664,	0,	0.0,	5061.0,	0.0,	5061.0,	1728,	1,	1728,	1,	1728,	0,	25.0,	5062.0,	25.0,	5062.0,	7631.0,	0.0010702664796633941,	7631.0,	0.0010702664796633941,	1600,	1600,	1664,	1728,	1600,	1600,	1728,	
RNN4_NG_2,	GEMM,	320,	8,	40,	1,	40,	0,	-40.0,	-1.0,	-40.0,	-1.0,	20480,	8,	2560,	21,	2560,	0,	-2560.0,	-1.0,	-2560.0,	-1.0,	0,	0,	0,	0,	0,	0,	0,	0,	0,	0,	64,	8,	8,	1,	8,	0,	5063.0,	5070.0,	5063.0,	5070.0,	1600,	1,	1600,	1,	1600,	0,	0.0,	5061.0,	0.0,	5061.0,	20480,	14,	20480,	14,	1600,	0,	0.0,	5061.0,	0.0,	5061.0,	1664,	1,	1664,	1,	1664,	0,	0.0,	5061.0,	0.0,	5061.0,	1728,	1,	1728,	1,	1728,	0,	25.0,	5062.0,	25.0,	5062.0,	7631.0,	0.0010702664796633941,	7631.0,	0.0010702664796633941,	1600,	1600,	1664,	1728,	1600,	1600,	1728,	
RNN4_ptwise1_2,	GEMM,	64,	8,	8,	1,	8,	0,	-8.0,	-1.0,	-8.0,	-1.0,	64,	8,	8,	1,	8,	0,	-8.0,	-1.0,	-8.0,	-1.0,	0,	0,	0,	0,	0,	0,	0,	0,	0,	0,	1,	1,	1,	1,	1,	0,	140.0,	140.0,	140.0,	140.0,	64,	1,	64,	1,	64,	0,	0.0,	138.0,	0.0,	138.0,	64,	1,	64,	1,	64,	0,	0.0,	138.0,	0.0,	138.0,	5,	1,	5,	1,	5,	0,	0.0,	138.0,	0.0,	138.0,	6,	1,	6,	1,	6,	0,	25.0,	139.0,	25.0,	139.0,	149.0,	2.0897615708274895e-05,	149.0,	2.0897615708274895e-05,	64,	64,	5,	6,	64,	64,	64,	
RNN4_ptwise2_2,	GEMM,	64,	8,	8,	1,	8,	0,	-8.0,	-1.0,	-8.0,	-1.0,	64,	8,	8,	1,	8,	0,	-8.0,	-1.0,	-8.0,	-1.0,	0,	0,	0,	0,	0,	0,	0,	0,	0,	0,	1,	1,	1,	1,	1,	0,	140.0,	140.0,	140.0,	140.0,	64,	1,	64,	1,	64,	0,	0.0,	138.0,	0.0,	138.0,	64,	1,	64,	1,	64,	0,	0.0,	138.0,	0.0,	138.0,	5,	1,	5,	1,	5,	0,	0.0,	138.0,	0.0,	138.0,	6,	1,	6,	1,	6,	0,	25.0,	139.0,	25.0,	139.0,	149.0,	2.0897615708274895e-05,	149.0,	2.0897615708274895e-05,	64,	64,	5,	6,	64,	64,	64,	
RNN4_FG_3,	GEMM,	320,	8,	40,	1,	40,	0,	-40.0,	-1.0,	-40.0,	-1.0,	20480,	8,	2560,	21,	2560,	0,	-2560.0,	-1.0,	-2560.0,	-1.0,	0,	0,	0,	0,	0,	0,	0,	0,	0,	0,	64,	8,	8,	1,	8,	0,	5063.0,	5070.0,	5063.0,	5070.0,	1600,	1,	1600,	1,	1600,	0,	0.0,	5061.0,	0.0,	5061.0,	20480,	14,	20480,	14,	1600,	0,	0.0,	5061.0,	0.0,	5061.0,	1664,	1,	1664,	1,	1664,	0,	0.0,	5061.0,	0.0,	5061.0,	1728,	1,	1728,	1,	1728,	0,	25.0,	5062.0,	25.0,	5062.0,	7631.0,	0.0010702664796633941,	7631.0,	0.0010702664796633941,	1600,	1600,	1664,	1728,	1600,	1600,	1728,	
RNN4_NG_3,	GEMM,	320,	8,	40,	1,	40,	0,	-40.0,	-1.0,	-40.0,	-1.0,	20480,	8,	2560,	21,	2560,	0,	-2560.0,	-1.0,	-2560.0,	-1.0,	0,	0,	0,	0,	0,	0,	0,	0,	0,	0,	64,	8,	8,	1,	8,	0,	5063.0,	5070.0,	5063.0,	5070.0,	1600,	1,	1600,	1,	1600,	0,	0.0,	5061.0,	0.0,	5061.0,	20480,	14,	20480,	14,	1600,	0,	0.0,	5061.0,	0.0,	5061.0,	1664,	1,	1664,	1,	1664,	0,	0.0,	5061.0,	0.0,	5061.0,	1728,	1,	1728,	1,	1728,	0,	25.0,	5062.0,	25.0,	5062.0,	7631.0,	0.0010702664796633941,	7631.0,	0.0010702664796633941,	1600,	1600,	1664,	1728,	1600,	1600,	1728,	
RNN4_ptwise1_3,	GEMM,	64,	8,	8,	1,	8,	0,	-8.0,	-1.0,	-8.0,	-1.0,	64,	8,	8,	1,	8,	0,	-8.0,	-1.0,	-8.0,	-1.0,	0,	0,	0,	0,	0,	0,	0,	0,	0,	0,	1,	1,	1,	1,	1,	0,	140.0,	140.0,	140.0,	140.0,	64,	1,	64,	1,	64,	0,	0.0,	138.0,	0.0,	138.0,	64,	1,	64,	1,	64,	0,	0.0,	138.0,	0.0,	138.0,	5,	1,	5,	1,	5,	0,	0.0,	138.0,	0.0,	138.0,	6,	1,	6,	1,	6,	0,	25.0,	139.0,	25.0,	139.0,	149.0,	2.0897615708274895e-05,	149.0,	2.0897615708274895e-05,	64,	64,	5,	6,	64,	64,	64,	
RNN4_ptwise2_3,	GEMM,	64,	8,	8,	1,	8,	0,	-8.0,	-1.0,	-8.0,	-1.0,	64,	8,	8,	1,	8,	0,	-8.0,	-1.0,	-8.0,	-1.0,	0,	0,	0,	0,	0,	0,	0,	0,	0,	0,	1,	1,	1,	1,	1,	0,	140.0,	140.0,	140.0,	140.0,	64,	1,	64,	1,	64,	0,	0.0,	138.0,	0.0,	138.0,	64,	1,	64,	1,	64,	0,	0.0,	138.0,	0.0,	138.0,	5,	1,	5,	1,	5,	0,	0.0,	138.0,	0.0,	138.0,	6,	1,	6,	1,	6,	0,	25.0,	139.0,	25.0,	139.0,	149.0,	2.0897615708274895e-05,	149.0,	2.0897615708274895e-05,	64,	64,	5,	6,	64,	64,	64,	
RNN4_FG_4,	GEMM,	320,	8,	40,	1,	40,	0,	-40.0,	-1.0,	-40.0,	-1.0,	20480,	8,	2560,	21,	2560,	0,	-2560.0,	-1.0,	-2560.0,	-1.0,	0,	0,	0,	0,	0,	0,	0,	0,	0,	0,	64,	8,	8,	1,	8,	0,	5063.0,	5070.0,	5063.0,	5070.0,	1600,	1,	1600,	1,	1600,	0,	0.0,	5061.0,	0.0,	5061.0,	20480,	14,	20480,	14,	1600,	0,	0.0,	5061.0,	0.0,	5061.0,	1664,	1,	1664,	1,	1664,	0,	0.0,	5061.0,	0.0,	5061.0,	1728,	1,	1728,	1,	1728,	0,	25.0,	5062.0,	25.0,	5062.0,	7631.0,	0.0010702664796633941,	7631.0,	0.0010702664796633941,	1600,	1600,	1664,	1728,	1600,	1600,	1728,	
RNN4_NG_4,	GEMM,	320,	8,	40,	1,	40,	0,	-40.0,	-1.0,	-40.0,	-1.0,	20480,	8,	2560,	21,	2560,	0,	-2560.0,	-1.0,	-2560.0,	-1.0,	0,	0,	0,	0,	0,	0,	0,	0,	0,	0,	64,	8,	8,	1,	8,	0,	5063.0,	5070.0,	5063.0,	5070.0,	1600,	1,	1600,	1,	1600,	0,	0.0,	5061.0,	0.0,	5061.0,	20480,	14,	20480,	14,	1600,	0,	0.0,	5061.0,	0.0,	5061.0,	1664,	1,	1664,	1,	1664,	0,	0.0,	5061.0,	0.0,	5061.0,	1728,	1,	1728,	1,	1728,	0,	25.0,	5062.0,	25.0,	5062.0,	7631.0,	0.0010702664796633941,	7631.0,	0.0010702664796633941,	1600,	1600,	1664,	1728,	1600,	1600,	1728,	
RNN4_ptwise1_4,	GEMM,	64,	8,	8,	1,	8,	0,	-8.0,	-1.0,	-8.0,	-1.0,	64,	8,	8,	1,	8,	0,	-8.0,	-1.0,	-8.0,	-1.0,	0,	0,	0,	0,	0,	0,	0,	0,	0,	0,	1,	1,	1,	1,	1,	0,	140.0,	140.0,	140.0,	140.0,	64,	1,	64,	1,	64,	0,	0.0,	138.0,	0.0,	138.0,	64,	1,	64,	1,	64,	0,	0.0,	138.0,	0.0,	138.0,	5,	1,	5,	1,	5,	0,	0.0,	138.0,	0.0,	138.0,	6,	1,	6,	1,	6,	0,	25.0,	139.0,	25.0,	139.0,	149.0,	2.0897615708274895e-05,	149.0,	2.0897615708274895e-05,	64,	64,	5,	6,	64,	64,	64,	
RNN4_ptwise2_4,	GEMM,	64,	8,	8,	1,	8,	0,	-8.0,	-1.0,	-8.0,	-1.0,	64,	8,	8,	1,	8,	0,	-8.0,	-1.0,	-8.0,	-1.0,	0,	0,	0,	0,	0,	0,	0,	0,	0,	0,	1,	1,	1,	1,	1,	0,	140.0,	140.0,	140.0,	140.0,	64,	1,	64,	1,	64,	0,	0.0,	138.0,	0.0,	138.0,	64,	1,	64,	1,	64,	0,	0.0,	138.0,	0.0,	138.0,	5,	1,	5,	1,	5,	0,	0.0,	138.0,	0.0,	138.0,	6,	1,	6,	1,	6,	0,	25.0,	139.0,	25.0,	139.0,	149.0,	2.0897615708274895e-05,	149.0,	2.0897615708274895e-05,	64,	64,	5,	6,	64,	64,	64,	
RNN4_FG_5,	GEMM,	320,	8,	40,	1,	40,	0,	-40.0,	-1.0,	-40.0,	-1.0,	20480,	8,	2560,	21,	2560,	0,	-2560.0,	-1.0,	-2560.0,	-1.0,	0,	0,	0,	0,	0,	0,	0,	0,	0,	0,	64,	8,	8,	1,	8,	0,	5063.0,	5070.0,	5063.0,	5070.0,	1600,	1,	1600,	1,	1600,	0,	0.0,	5061.0,	0.0,	5061.0,	20480,	14,	20480,	14,	1600,	0,	0.0,	5061.0,	0.0,	5061.0,	1664,	1,	1664,	1,	1664,	0,	0.0,	5061.0,	0.0,	5061.0,	1728,	1,	1728,	1,	1728,	0,	25.0,	5062.0,	25.0,	5062.0,	7631.0,	0.0010702664796633941,	7631.0,	0.0010702664796633941,	1600,	1600,	1664,	1728,	1600,	1600,	1728,	
RNN4_NG_5,	GEMM,	320,	8,	40,	1,	40,	0,	-40.0,	-1.0,	-40.0,	-1.0,	20480,	8,	2560,	21,	2560,	0,	-2560.0,	-1.0,	-2560.0,	-1.0,	0,	0,	0,	0,	0,	0,	0,	0,	0,	0,	64,	8,	8,	1,	8,	0,	5063.0,	5070.0,	5063.0,	5070.0,	1600,	1,	1600,	1,	1600,	0,	0.0,	5061.0,	0.0,	5061.0,	20480,	14,	20480,	14,	1600,	0,	0.0,	5061.0,	0.0,	5061.0,	1664,	1,	1664,	1,	1664,	0,	0.0,	5061.0,	0.0,	5061.0,	1728,	1,	1728,	1,	1728,	0,	25.0,	5062.0,	25.0,	5062.0,	7631.0,	0.0010702664796633941,	7631.0,	0.0010702664796633941,	1600,	1600,	1664,	1728,	1600,	1600,	1728,	
RNN4_ptwise1_5,	GEMM,	64,	8,	8,	1,	8,	0,	-8.0,	-1.0,	-8.0,	-1.0,	64,	8,	8,	1,	8,	0,	-8.0,	-1.0,	-8.0,	-1.0,	0,	0,	0,	0,	0,	0,	0,	0,	0,	0,	1,	1,	1,	1,	1,	0,	140.0,	140.0,	140.0,	140.0,	64,	1,	64,	1,	64,	0,	0.0,	138.0,	0.0,	138.0,	64,	1,	64,	1,	64,	0,	0.0,	138.0,	0.0,	138.0,	5,	1,	5,	1,	5,	0,	0.0,	138.0,	0.0,	138.0,	6,	1,	6,	1,	6,	0,	25.0,	139.0,	25.0,	139.0,	149.0,	2.0897615708274895e-05,	149.0,	2.0897615708274895e-05,	64,	64,	5,	6,	64,	64,	64,	
RNN4_ptwise2_5,	GEMM,	64,	8,	8,	1,	8,	0,	-8.0,	-1.0,	-8.0,	-1.0,	64,	8,	8,	1,	8,	0,	-8.0,	-1.0,	-8.0,	-1.0,	0,	0,	0,	0,	0,	0,	0,	0,	0,	0,	1,	1,	1,	1,	1,	0,	140.0,	140.0,	140.0,	140.0,	64,	1,	64,	1,	64,	0,	0.0,	138.0,	0.0,	138.0,	64,	1,	64,	1,	64,	0,	0.0,	138.0,	0.0,	138.0,	5,	1,	5,	1,	5,	0,	0.0,	138.0,	0.0,	138.0,	6,	1,	6,	1,	6,	0,	25.0,	139.0,	25.0,	139.0,	149.0,	2.0897615708274895e-05,	149.0,	2.0897615708274895e-05,	64,	64,	5,	6,	64,	64,	64,	
RNN4_FG_6,	GEMM,	320,	8,	40,	1,	40,	0,	-40.0,	-1.0,	-40.0,	-1.0,	20480,	8,	2560,	21,	2560,	0,	-2560.0,	-1.0,	-2560.0,	-1.0,	0,	0,	0,	0,	0,	0,	0,	0,	0,	0,	64,	8,	8,	1,	8,	0,	5063.0,	5070.0,	5063.0,	5070.0,	1600,	1,	1600,	1,	1600,	0,	0.0,	5061.0,	0.0,	5061.0,	20480,	14,	20480,	14,	1600,	0,	0.0,	5061.0,	0.0,	5061.0,	1664,	1,	1664,	1,	1664,	0,	0.0,	5061.0,	0.0,	5061.0,	1728,	1,	1728,	1,	1728,	0,	25.0,	5062.0,	25.0,	5062.0,	7631.0,	0.0010702664796633941,	7631.0,	0.0010702664796633941,	1600,	1600,	1664,	1728,	1600,	1600,	1728,	
RNN4_NG_6,	GEMM,	320,	8,	40,	1,	40,	0,	-40.0,	-1.0,	-40.0,	-1.0,	20480,	8,	2560,	21,	2560,	0,	-2560.0,	-1.0,	-2560.0,	-1.0,	0,	0,	0,	0,	0,	0,	0,	0,	0,	0,	64,	8,	8,	1,	8,	0,	5063.0,	5070.0,	5063.0,	5070.0,	1600,	1,	1600,	1,	1600,	0,	0.0,	5061.0,	0.0,	5061.0,	20480,	14,	20480,	14,	1600,	0,	0.0,	5061.0,	0.0,	5061.0,	1664,	1,	1664,	1,	1664,	0,	0.0,	5061.0,	0.0,	5061.0,	1728,	1,	1728,	1,	1728,	0,	25.0,	5062.0,	25.0,	5062.0,	7631.0,	0.0010702664796633941,	7631.0,	0.0010702664796633941,	1600,	1600,	1664,	1728,	1600,	1600,	1728,	
RNN4_ptwise1_6,	GEMM,	64,	8,	8,	1,	8,	0,	-8.0,	-1.0,	-8.0,	-1.0,	64,	8,	8,	1,	8,	0,	-8.0,	-1.0,	-8.0,	-1.0,	0,	0,	0,	0,	0,	0,	0,	0,	0,	0,	1,	1,	1,	1,	1,	0,	140.0,	140.0,	140.0,	140.0,	64,	1,	64,	1,	64,	0,	0.0,	138.0,	0.0,	138.0,	64,	1,	64,	1,	64,	0,	0.0,	138.0,	0.0,	138.0,	5,	1,	5,	1,	5,	0,	0.0,	138.0,	0.0,	138.0,	6,	1,	6,	1,	6,	0,	25.0,	139.0,	25.0,	139.0,	149.0,	2.0897615708274895e-05,	149.0,	2.0897615708274895e-05,	64,	64,	5,	6,	64,	64,	64,	
RNN4_ptwise2_6,	GEMM,	64,	8,	8,	1,	8,	0,	-8.0,	-1.0,	-8.0,	-1.0,	64,	8,	8,	1,	8,	0,	-8.0,	-1.0,	-8.0,	-1.0,	0,	0,	0,	0,	0,	0,	0,	0,	0,	0,	1,	1,	1,	1,	1,	0,	140.0,	140.0,	140.0,	140.0,	64,	1,	64,	1,	64,	0,	0.0,	138.0,	0.0,	138.0,	64,	1,	64,	1,	64,	0,	0.0,	138.0,	0.0,	138.0,	5,	1,	5,	1,	5,	0,	0.0,	138.0,	0.0,	138.0,	6,	1,	6,	1,	6,	0,	25.0,	139.0,	25.0,	139.0,	149.0,	2.0897615708274895e-05,	149.0,	2.0897615708274895e-05,	64,	64,	5,	6,	64,	64,	64,	
RNN4_FG_7,	GEMM,	320,	8,	40,	1,	40,	0,	-40.0,	-1.0,	-40.0,	-1.0,	20480,	8,	2560,	21,	2560,	0,	-2560.0,	-1.0,	-2560.0,	-1.0,	0,	0,	0,	0,	0,	0,	0,	0,	0,	0,	64,	8,	8,	1,	8,	0,	5063.0,	5070.0,	5063.0,	5070.0,	1600,	1,	1600,	1,	1600,	0,	0.0,	5061.0,	0.0,	5061.0,	20480,	14,	20480,	14,	1600,	0,	0.0,	5061.0,	0.0,	5061.0,	1664,	1,	1664,	1,	1664,	0,	0.0,	5061.0,	0.0,	5061.0,	1728,	1,	1728,	1,	1728,	0,	25.0,	5062.0,	25.0,	5062.0,	7631.0,	0.0010702664796633941,	7631.0,	0.0010702664796633941,	1600,	1600,	1664,	1728,	1600,	1600,	1728,	
RNN4_NG_7,	GEMM,	320,	8,	40,	1,	40,	0,	-40.0,	-1.0,	-40.0,	-1.0,	20480,	8,	2560,	21,	2560,	0,	-2560.0,	-1.0,	-2560.0,	-1.0,	0,	0,	0,	0,	0,	0,	0,	0,	0,	0,	64,	8,	8,	1,	8,	0,	5063.0,	5070.0,	5063.0,	5070.0,	1600,	1,	1600,	1,	1600,	0,	0.0,	5061.0,	0.0,	5061.0,	20480,	14,	20480,	14,	1600,	0,	0.0,	5061.0,	0.0,	5061.0,	1664,	1,	1664,	1,	1664,	0,	0.0,	5061.0,	0.0,	5061.0,	1728,	1,	1728,	1,	1728,	0,	25.0,	5062.0,	25.0,	5062.0,	7631.0,	0.0010702664796633941,	7631.0,	0.0010702664796633941,	1600,	1600,	1664,	1728,	1600,	1600,	1728,	
RNN4_ptwise1_7,	GEMM,	64,	8,	8,	1,	8,	0,	-8.0,	-1.0,	-8.0,	-1.0,	64,	8,	8,	1,	8,	0,	-8.0,	-1.0,	-8.0,	-1.0,	0,	0,	0,	0,	0,	0,	0,	0,	0,	0,	1,	1,	1,	1,	1,	0,	140.0,	140.0,	140.0,	140.0,	64,	1,	64,	1,	64,	0,	0.0,	138.0,	0.0,	138.0,	64,	1,	64,	1,	64,	0,	0.0,	138.0,	0.0,	138.0,	5,	1,	5,	1,	5,	0,	0.0,	138.0,	0.0,	138.0,	6,	1,	6,	1,	6,	0,	25.0,	139.0,	25.0,	139.0,	149.0,	2.0897615708274895e-05,	149.0,	2.0897615708274895e-05,	64,	64,	5,	6,	64,	64,	64,	
RNN4_ptwise2_7,	GEMM,	64,	8,	8,	1,	8,	0,	-8.0,	-1.0,	-8.0,	-1.0,	64,	8,	8,	1,	8,	0,	-8.0,	-1.0,	-8.0,	-1.0,	0,	0,	0,	0,	0,	0,	0,	0,	0,	0,	1,	1,	1,	1,	1,	0,	140.0,	140.0,	140.0,	140.0,	64,	1,	64,	1,	64,	0,	0.0,	138.0,	0.0,	138.0,	64,	1,	64,	1,	64,	0,	0.0,	138.0,	0.0,	138.0,	5,	1,	5,	1,	5,	0,	0.0,	138.0,	0.0,	138.0,	6,	1,	6,	1,	6,	0,	25.0,	139.0,	25.0,	139.0,	149.0,	2.0897615708274895e-05,	149.0,	2.0897615708274895e-05,	64,	64,	5,	6,	64,	64,	64,	
RNN4_FG_8,	GEMM,	320,	8,	40,	1,	40,	0,	-40.0,	-1.0,	-40.0,	-1.0,	20480,	8,	2560,	21,	2560,	0,	-2560.0,	-1.0,	-2560.0,	-1.0,	0,	0,	0,	0,	0,	0,	0,	0,	0,	0,	64,	8,	8,	1,	8,	0,	5063.0,	5070.0,	5063.0,	5070.0,	1600,	1,	1600,	1,	1600,	0,	0.0,	5061.0,	0.0,	5061.0,	20480,	14,	20480,	14,	1600,	0,	0.0,	5061.0,	0.0,	5061.0,	1664,	1,	1664,	1,	1664,	0,	0.0,	5061.0,	0.0,	5061.0,	1728,	1,	1728,	1,	1728,	0,	25.0,	5062.0,	25.0,	5062.0,	7631.0,	0.0010702664796633941,	7631.0,	0.0010702664796633941,	1600,	1600,	1664,	1728,	1600,	1600,	1728,	
RNN4_NG_8,	GEMM,	320,	8,	40,	1,	40,	0,	-40.0,	-1.0,	-40.0,	-1.0,	20480,	8,	2560,	21,	2560,	0,	-2560.0,	-1.0,	-2560.0,	-1.0,	0,	0,	0,	0,	0,	0,	0,	0,	0,	0,	64,	8,	8,	1,	8,	0,	5063.0,	5070.0,	5063.0,	5070.0,	1600,	1,	1600,	1,	1600,	0,	0.0,	5061.0,	0.0,	5061.0,	20480,	14,	20480,	14,	1600,	0,	0.0,	5061.0,	0.0,	5061.0,	1664,	1,	1664,	1,	1664,	0,	0.0,	5061.0,	0.0,	5061.0,	1728,	1,	1728,	1,	1728,	0,	25.0,	5062.0,	25.0,	5062.0,	7631.0,	0.0010702664796633941,	7631.0,	0.0010702664796633941,	1600,	1600,	1664,	1728,	1600,	1600,	1728,	
RNN4_ptwise1_8,	GEMM,	64,	8,	8,	1,	8,	0,	-8.0,	-1.0,	-8.0,	-1.0,	64,	8,	8,	1,	8,	0,	-8.0,	-1.0,	-8.0,	-1.0,	0,	0,	0,	0,	0,	0,	0,	0,	0,	0,	1,	1,	1,	1,	1,	0,	140.0,	140.0,	140.0,	140.0,	64,	1,	64,	1,	64,	0,	0.0,	138.0,	0.0,	138.0,	64,	1,	64,	1,	64,	0,	0.0,	138.0,	0.0,	138.0,	5,	1,	5,	1,	5,	0,	0.0,	138.0,	0.0,	138.0,	6,	1,	6,	1,	6,	0,	25.0,	139.0,	25.0,	139.0,	149.0,	2.0897615708274895e-05,	149.0,	2.0897615708274895e-05,	64,	64,	5,	6,	64,	64,	64,	
RNN4_ptwise2_8,	GEMM,	64,	8,	8,	1,	8,	0,	-8.0,	-1.0,	-8.0,	-1.0,	64,	8,	8,	1,	8,	0,	-8.0,	-1.0,	-8.0,	-1.0,	0,	0,	0,	0,	0,	0,	0,	0,	0,	0,	1,	1,	1,	1,	1,	0,	140.0,	140.0,	140.0,	140.0,	64,	1,	64,	1,	64,	0,	0.0,	138.0,	0.0,	138.0,	64,	1,	64,	1,	64,	0,	0.0,	138.0,	0.0,	138.0,	5,	1,	5,	1,	5,	0,	0.0,	138.0,	0.0,	138.0,	6,	1,	6,	1,	6,	0,	25.0,	139.0,	25.0,	139.0,	149.0,	2.0897615708274895e-05,	149.0,	2.0897615708274895e-05,	64,	64,	5,	6,	64,	64,	64,	
RNN4_FG_9,	GEMM,	320,	8,	40,	1,	40,	0,	-40.0,	-1.0,	-40.0,	-1.0,	20480,	8,	2560,	21,	2560,	0,	-2560.0,	-1.0,	-2560.0,	-1.0,	0,	0,	0,	0,	0,	0,	0,	0,	0,	0,	64,	8,	8,	1,	8,	0,	5063.0,	5070.0,	5063.0,	5070.0,	1600,	1,	1600,	1,	1600,	0,	0.0,	5061.0,	0.0,	5061.0,	20480,	14,	20480,	14,	1600,	0,	0.0,	5061.0,	0.0,	5061.0,	1664,	1,	1664,	1,	1664,	0,	0.0,	5061.0,	0.0,	5061.0,	1728,	1,	1728,	1,	1728,	0,	25.0,	5062.0,	25.0,	5062.0,	7631.0,	0.0010702664796633941,	7631.0,	0.0010702664796633941,	1600,	1600,	1664,	1728,	1600,	1600,	1728,	
RNN4_NG_9,	GEMM,	320,	8,	40,	1,	40,	0,	-40.0,	-1.0,	-40.0,	-1.0,	20480,	8,	2560,	21,	2560,	0,	-2560.0,	-1.0,	-2560.0,	-1.0,	0,	0,	0,	0,	0,	0,	0,	0,	0,	0,	64,	8,	8,	1,	8,	0,	5063.0,	5070.0,	5063.0,	5070.0,	1600,	1,	1600,	1,	1600,	0,	0.0,	5061.0,	0.0,	5061.0,	20480,	14,	20480,	14,	1600,	0,	0.0,	5061.0,	0.0,	5061.0,	1664,	1,	1664,	1,	1664,	0,	0.0,	5061.0,	0.0,	5061.0,	1728,	1,	1728,	1,	1728,	0,	25.0,	5062.0,	25.0,	5062.0,	7631.0,	0.0010702664796633941,	7631.0,	0.0010702664796633941,	1600,	1600,	1664,	1728,	1600,	1600,	1728,	
RNN4_ptwise1_9,	GEMM,	64,	8,	8,	1,	8,	0,	-8.0,	-1.0,	-8.0,	-1.0,	64,	8,	8,	1,	8,	0,	-8.0,	-1.0,	-8.0,	-1.0,	0,	0,	0,	0,	0,	0,	0,	0,	0,	0,	1,	1,	1,	1,	1,	0,	140.0,	140.0,	140.0,	140.0,	64,	1,	64,	1,	64,	0,	0.0,	138.0,	0.0,	138.0,	64,	1,	64,	1,	64,	0,	0.0,	138.0,	0.0,	138.0,	5,	1,	5,	1,	5,	0,	0.0,	138.0,	0.0,	138.0,	6,	1,	6,	1,	6,	0,	25.0,	139.0,	25.0,	139.0,	149.0,	2.0897615708274895e-05,	149.0,	2.0897615708274895e-05,	64,	64,	5,	6,	64,	64,	64,	
RNN4_ptwise2_9,	GEMM,	64,	8,	8,	1,	8,	0,	-8.0,	-1.0,	-8.0,	-1.0,	64,	8,	8,	1,	8,	0,	-8.0,	-1.0,	-8.0,	-1.0,	0,	0,	0,	0,	0,	0,	0,	0,	0,	0,	1,	1,	1,	1,	1,	0,	140.0,	140.0,	140.0,	140.0,	64,	1,	64,	1,	64,	0,	0.0,	138.0,	0.0,	138.0,	64,	1,	64,	1,	64,	0,	0.0,	138.0,	0.0,	138.0,	5,	1,	5,	1,	5,	0,	0.0,	138.0,	0.0,	138.0,	6,	1,	6,	1,	6,	0,	25.0,	139.0,	25.0,	139.0,	149.0,	2.0897615708274895e-05,	149.0,	2.0897615708274895e-05,	64,	64,	5,	6,	64,	64,	64,	
FC5,	GEMM,	64,	8,	8,	1,	8,	0,	-8.0,	-1.0,	-8.0,	-1.0,	320,	8,	40,	1,	40,	0,	-40.0,	-1.0,	-40.0,	-1.0,	0,	0,	0,	0,	0,	0,	0,	0,	0,	0,	5,	5,	1,	1,	1,	0,	164.0,	164.0,	164.0,	164.0,	64,	1,	64,	1,	64,	0,	0.0,	162.0,	0.0,	162.0,	320,	5,	320,	5,	64,	0,	0.0,	162.0,	0.0,	162.0,	25,	1,	25,	1,	25,	0,	0.0,	162.0,	0.0,	162.0,	30,	1,	30,	1,	30,	0,	25.0,	163.0,	25.0,	163.0,	205.0,	2.8751753155680224e-05,	205.0,	2.8751753155680224e-05,	64,	64,	25,	30,	64,	64,	64,	
FC6,	GEMM,	64,	8,	8,	1,	8,	0,	-8.0,	-1.0,	-8.0,	-1.0,	128,	8,	16,	1,	16,	0,	-16.0,	-1.0,	-16.0,	-1.0,	0,	0,	0,	0,	0,	0,	0,	0,	0,	0,	2,	2,	1,	1,	1,	0,	146.0,	146.0,	146.0,	146.0,	64,	1,	64,	1,	64,	0,	0.0,	144.0,	0.0,	144.0,	128,	2,	128,	2,	64,	0,	0.0,	144.0,	0.0,	144.0,	10,	1,	10,	1,	10,	0,	0.0,	144.0,	0.0,	144.0,	12,	1,	12,	1,	12,	0,	25.0,	145.0,	25.0,	145.0,	163.0,	2.2861150070126224e-05,	163.0,	2.2861150070126224e-05,	64,	64,	10,	12,	64,	64,	64,	
